sample_index,elapsed_s,timestamp,x_m,y_m,z_m,sinr_db,serving_rss_dbm,serving_cell,outage,has_collided
0,0.0,2026-10-06T09:31:17.712616+00:00,50.00001700559733,50.000002986093705,65.20961993932724,1.6352841181468694,-63.93019860594498,bs-003-sector-00,False,False
1,0.262707,2026-10-06T09:31:17.975323+00:00,50.021513260900974,49.99554385757074,66.06226253509521,1.6347538906200878,-63.931676680799114,bs-003-sector-00,False,False
2,0.525215,2026-10-06T09:31:18.237831+00:00,50.16101334989071,49.968887861818075,66.4915736913681,1.630800973417548,-63.941738012669916,bs-003-sector-00,False,False
3,0.784962,2026-10-06T09:31:18.497578+00:00,50.46400532126427,49.91593489795923,66.53435480594635,1.6217638100430047,-63.964044723895256,bs-003-sector-00,False,False
4,1.046494,2026-10-06T09:31:18.759110+00:00,50.96659231185913,49.83314694464207,66.32951879501343,1.608339411581492,-63.999792497512246,bs-003-sector-00,False,False
5,1.307072,2026-10-06T09:31:19.019688+00:00,51.67047083377838,49.71906942129135,66.03531861305237,1.5956655970983675,-64.04468315515378,bs-003-sector-00,False,False
6,1.569079,2026-10-06T09:31:19.281695+00:00,52.537402629852295,49.57795014977455,65.74077105522156,1.5915118182671464,-64.09021791858046,bs-003-sector-00,False,False
7,1.832877,2026-10-06T09:31:19.545493+00:00,53.53805088996887,49.41337871551514,65.49110871553421,1.6034696672071442,-64.12848146991162,bs-003-sector-00,False,False
8,2.097679,2026-10-06T09:31:19.810295+00:00,54.63863563537598,49.23035001754761,65.41823670268059,1.6382002220659084,-64.15216251250052,bs-003-sector-00,False,False
9,2.361849,2026-10-06T09:31:20.074465+00:00,55.79677963256836,49.0360968708992,65.40914955735207,1.6996075519163631,-64.15594852256606,bs-003-sector-00,False,False
10,2.62286,2026-10-06T09:31:20.335476+00:00,56.97452974319458,48.837379813194275,65.4000796675682,1.7883354812275036,-64.13759332411234,bs-003-sector-00,False,False
11,2.887057,2026-10-06T09:31:20.599673+00:00,58.18801307678223,48.631927728652954,65.3919383585453,1.9071951072339621,-64.09571638296904,bs-003-sector-00,False,False
12,3.148394,2026-10-06T09:31:20.861010+00:00,59.402652740478516,48.42605900764465,65.38526713848114,2.0533438688436454,-64.03136085660142,bs-003-sector-00,False,False
13,3.412385,2026-10-06T09:31:21.125001+00:00,60.641249656677246,48.216328859329224,65.37985548377037,2.229276225493095,-63.943928824460926,bs-003-sector-00,False,False
14,3.674203,2026-10-06T09:31:21.386819+00:00,61.88677215576172,48.005947947502136,65.37560650706291,2.432213618170383,-63.83541696601502,bs-003-sector-00,False,False
15,3.937041,2026-10-06T09:31:21.649657+00:00,63.122854232788086,47.79787087440491,65.37231487035751,2.657920313012368,-63.709080588129666,bs-003-sector-00,False,False
16,4.198603,2026-10-06T09:31:21.911219+00:00,64.36231231689453,47.590004682540894,65.36973339319229,2.907048362736162,-63.565576610725245,bs-003-sector-00,False,False
17,4.459544,2026-10-06T09:31:22.172160+00:00,65.60385704040527,47.38254475593567,65.36770409345627,3.1780304609972942,-63.40677419042865,bs-003-sector-00,False,False
18,4.721739,2026-10-06T09:31:22.434355+00:00,66.86145210266113,47.17306208610535,65.3660816848278,3.4730156530061027,-63.23237077523905,bs-003-sector-00,False,False
19,4.982734,2026-10-06T09:31:22.695350+00:00,68.10551452636719,46.96632671356201,65.36480283737183,3.783921631355516,-63.04814256251228,bs-003-sector-00,False,False
20,5.243838,2026-10-06T09:31:22.956454+00:00,69.35042381286621,46.7597599029541,65.3637692630291,4.113026366209288,-62.853747940446084,bs-003-sector-00,False,False
21,5.508554,2026-10-06T09:31:23.221170+00:00,70.61007499694824,46.55088233947754,65.36291325092316,4.506114334894717,-62.622783055343504,bs-003-sector-00,False,False
22,5.770266,2026-10-06T09:31:23.482882+00:00,71.855712890625,46.344311237335205,65.36220917105675,4.947285622155105,-62.36595534516495,bs-003-sector-00,False,False
23,6.03453,2026-10-06T09:31:23.747146+00:00,73.11580657958984,46.135201930999756,65.3616059422493,5.397718437418937,-62.10739900418018,bs-003-sector-00,False,False
24,6.297176,2026-10-06T09:31:24.009792+00:00,74.37602615356445,45.925856590270996,65.36108550429344,5.852185571232672,-61.85063326487216,bs-003-sector-00,False,False
25,6.556134,2026-10-06T09:31:24.268750+00:00,75.60774230957031,45.72100257873535,65.36063757538795,6.300166427793545,-61.601889741422056,bs-003-sector-00,False,False
26,6.818911,2026-10-06T09:31:24.531527+00:00,76.86813354492188,45.51113319396973,65.3602265715599,6.762493940271536,-61.35002827885529,bs-003-sector-00,False,False
27,7.083569,2026-10-06T09:31:24.796185+00:00,78.12850952148438,45.30105018615723,65.35985192656517,7.228922073277698,-61.10122306030816,bs-003-sector-00,False,False
28,7.348184,2026-10-06T09:31:25.060800+00:00,79.3890209197998,45.09077596664429,65.35950541496277,7.699774044837619,-60.85573311159524,bs-003-sector-00,False,False
29,7.610475,2026-10-06T09:31:25.323091+00:00,80.63510513305664,44.88280487060547,65.35918307304382,8.169915947842712,-60.616568436902824,bs-003-sector-00,False,False
30,7.874002,2026-10-06T09:31:25.586618+00:00,81.89555740356445,44.67238759994507,65.35887262225151,8.650741315397442,-60.37837540265296,bs-003-sector-00,False,False
31,8.136495,2026-10-06T09:31:25.849111+00:00,83.1559944152832,44.46197175979614,65.35857409238815,9.137542018586233,-60.144057142573615,bs-003-sector-00,False,False
32,8.39595,2026-10-06T09:31:26.108566+00:00,84.38782119750977,44.25637865066528,65.35829091072083,9.619884951590478,-59.91888018230617,bs-003-sector-00,False,False
33,8.657163,2026-10-06T09:31:26.369779+00:00,85.63407135009766,44.048441886901855,65.35801112651825,10.115520413683383,-59.69494236394601,bs-003-sector-00,False,False
34,8.921028,2026-10-06T09:31:26.633644+00:00,86.90895462036133,43.83580827713013,65.35772988200188,10.631765431731445,-59.469898275975424,bs-003-sector-00,False,False
35,9.184891,2026-10-06T09:31:26.897507+00:00,88.15528869628906,43.62801742553711,65.35745859146118,11.146954478378575,-59.253820353837725,bs-003-sector-00,False,False
36,9.449774,2026-10-06T09:31:27.162390+00:00,89.43022155761719,43.41553211212158,65.35718327760696,11.68655273113333,-59.036755557997964,bs-003-sector-00,False,False
37,9.71277,2026-10-06T09:31:27.425386+00:00,90.67655944824219,43.20786666870117,65.35691621899605,12.066689721150276,-58.941230574117,bs-003-sector-00,False,False
38,9.97512,2026-10-06T09:31:27.687736+00:00,91.93764877319336,42.997780323028564,65.35664668679237,12.307269994608438,-58.956454759919154,bs-003-sector-00,False,False
39,10.242758,2026-10-06T09:31:27.955374+00:00,93.21270370483398,42.78538656234741,65.35637605190277,12.537702582597323,-58.99169021562966,bs-003-sector-00,False,False
40,10.507272,2026-10-06T09:31:28.219888+00:00,94.47341918945312,42.57537889480591,65.35610854625702,12.752743498022923,-59.04661195032554,bs-003-sector-00,False,False
41,10.770509,2026-10-06T09:31:28.483125+00:00,95.7342529296875,42.365347385406494,65.35584107041359,12.954647980026383,-59.12227757118808,bs-003-sector-00,False,False
42,11.03375,2026-10-06T09:31:28.746366+00:00,96.98061752319336,42.15769815444946,65.3555768430233,13.140595472285261,-59.218518411142014,bs-003-sector-00,False,False
43,11.293414,2026-10-06T09:31:29.006030+00:00,98.22700500488281,41.95001411437988,65.3553139269352,13.311911626913384,-59.3375095048583,bs-003-sector-00,False,False
44,11.553778,2026-10-06T09:31:29.266394+00:00,99.47340774536133,41.74229907989502,65.35505184531212,13.467091017000634,-59.481117543824226,bs-003-sector-00,False,False
45,11.818632,2026-10-06T09:31:29.531248+00:00,100.73413848876953,41.53217124938965,65.35478681325912,13.605545656304308,-59.65388597222935,bs-003-sector-00,False,False
46,12.081239,2026-10-06T09:31:29.793855+00:00,101.99502182006836,41.322004318237305,65.35452181100845,13.722558479916547,-59.85757052248911,bs-003-sector-00,False,False
47,12.343073,2026-10-06T09:31:30.055689+00:00,103.24153900146484,41.114227294921875,65.35425987839699,13.81340113423695,-60.09342080159858,bs-003-sector-00,False,False
48,12.608252,2026-10-06T09:31:30.320868+00:00,104.5022964477539,40.90406608581543,65.35399496555328,13.875056718762435,-60.37231502995047,bs-003-sector-00,False,False
49,12.874158,2026-10-06T09:31:30.586774+00:00,105.77745819091797,40.69149398803711,65.35372704267502,13.899315004647567,-60.703199544865896,bs-003-sector-00,False,False
50,13.13551,2026-10-06T09:31:30.848126+00:00,107.02430725097656,40.48365783691406,65.35346508026123,13.876240423620526,-61.084225321708715,bs-003-sector-00,False,False
51,13.398278,2026-10-06T09:31:31.110894+00:00,108.2707748413086,40.27589797973633,65.35320326685905,13.793189813087336,-61.5359003738979,bs-003-sector-00,False,False
52,13.660002,2026-10-06T09:31:31.372618+00:00,109.53153228759766,40.06575870513916,65.35293838381767,13.62746968355085,-62.08554535177424,bs-003-sector-00,False,False
53,13.918356,2026-10-06T09:31:31.630972+00:00,110.76362991333008,39.86040687561035,65.35267952084541,9.13445901955237,-61.72044024065619,bs-003-sector-00,False,False
54,14.185451,2026-10-06T09:31:31.898067+00:00,112.03878784179688,39.647881507873535,65.35241165757179,6.72108723891288,-60.86877773876148,bs-003-sector-00,False,False
55,14.448573,2026-10-06T09:31:32.161189+00:00,113.29953002929688,39.43776988983154,65.35214677453041,5.6408189437769165,-60.15903004808251,bs-003-sector-00,False,False
56,14.711868,2026-10-06T09:31:32.424484+00:00,114.54611206054688,39.230021476745605,65.35188490152359,5.023676958748615,-59.550903293670586,bs-003-sector-00,False,False
57,14.973849,2026-10-06T09:31:32.686465+00:00,115.8069076538086,39.01989555358887,65.35162001848221,4.623940105671942,-59.00770956075708,bs-003-sector-00,False,False
58,15.237007,2026-10-06T09:31:32.949623+00:00,117.05347442626953,38.812143325805664,65.35135814547539,4.356729269971729,-58.52646273396918,bs-003-sector-00,False,False
59,15.50095,2026-10-06T09:31:33.213566+00:00,118.31425476074219,38.60202598571777,65.351093262434,4.168562620391516,-58.08521953885237,bs-003-sector-00,False,False
60,15.761539,2026-10-06T09:31:33.474155+00:00,119.5608901977539,38.39426231384277,65.35083135962486,4.037612818854143,-57.685978441969,bs-003-sector-00,False,False
61,16.024857,2026-10-06T09:31:33.737473+00:00,120.82193756103516,38.184085845947266,65.35056644678116,3.9448587471761583,-57.31351601689336,bs-003-sector-00,False,False
62,16.288866,2026-10-06T09:31:34.001482+00:00,122.08275604248047,37.9739408493042,65.3503015935421,3.8816849445722097,-56.96794763948003,bs-003-sector-00,False,False
63,16.552855,2026-10-06T09:31:34.265471+00:00,123.34367370605469,37.763794898986816,65.35003671050072,3.8410622501476683,-56.645421344020164,bs-003-sector-00,False,False
64,16.815215,2026-10-06T09:31:34.527831+00:00,124.59049224853516,37.555989265441895,65.34977477788925,3.8182888767532903,-56.34622839122139,bs-003-sector-00,False,False
65,17.078668,2026-10-06T09:31:34.791284+00:00,125.85199737548828,37.345744132995605,65.3495098054409,3.809355625323671,-56.061032896146884,bs-003-sector-00,False,False
66,17.340861,2026-10-06T09:31:35.053477+00:00,127.11285400390625,37.13559341430664,65.34924501180649,3.8120226171775187,-55.791566223646626,bs-003-sector-00,False,False
67,17.60304,2026-10-06T09:31:35.315656+00:00,128.3594207763672,36.927836418151855,65.34898313879967,3.82412776009655,-55.538800936680445,bs-003-sector-00,False,False
68,17.864158,2026-10-06T09:31:35.576774+00:00,129.60608673095703,36.72005558013916,65.34872123599052,3.8441934801627937,-55.298191629075035,bs-003-sector-00,False,False
69,18.126675,2026-10-06T09:31:35.839291+00:00,130.8527374267578,36.51227855682373,65.34845942258835,4.457193326132141,-54.810671948246124,bs-003-sector-00,False,False
70,18.388816,2026-10-06T09:31:36.101432+00:00,132.11380004882812,36.30210494995117,65.34819456934929,5.309166633441866,-54.250707914707775,bs-003-sector-00,False,False
71,18.653911,2026-10-06T09:31:36.366527+00:00,133.37480926513672,36.09194755554199,65.34792977571487,6.121679822337239,-53.74177326643935,bs-003-sector-00,False,False
72,18.917201,2026-10-06T09:31:36.629817+00:00,134.63570404052734,35.88180065155029,65.3476654291153,6.9050147716390144,-53.274626971056264,bs-003-sector-00,False,False
73,19.181187,2026-10-06T09:31:36.893803+00:00,135.89665985107422,35.671629905700684,65.34740108251572,7.667410043507436,-52.84228787869404,bs-003-sector-00,False,False
74,19.44596,2026-10-06T09:31:37.158576+00:00,137.15813446044922,35.46138095855713,65.34713646769524,8.415832989364548,-52.43932042656088,bs-003-sector-00,False,False
75,19.70581,2026-10-06T09:31:37.418426+00:00,138.4048309326172,35.253600120544434,65.34687486290932,9.147137876212179,-52.0660374410205,bs-003-sector-00,False,False
76,19.969833,2026-10-06T09:31:37.682449+00:00,139.66586303710938,35.043426513671875,65.34660997986794,9.883630528300454,-51.71041398094988,bs-003-sector-00,False,False
77,20.232349,2026-10-06T09:31:37.944965+00:00,140.9131622314453,34.83553409576416,65.34634804725647,10.613820277603494,-51.37774327791979,bs-003-sector-00,False,False
78,20.495359,2026-10-06T09:31:38.207975+00:00,142.1599578857422,34.627742767333984,65.34608617424965,11.350291663811902,-51.06201416642685,bs-003-sector-00,False,False
79,20.759022,2026-10-06T09:31:38.471638+00:00,143.42235565185547,34.41734600067139,65.34582126140594,12.107915141828496,-50.75761517486541,bs-003-sector-00,False,False
80,21.031157,2026-10-06T09:31:38.743773+00:00,144.7264633178711,34.20000171661377,65.34554746747017,12.909373479003497,-50.45764938384238,bs-003-sector-00,False,False
81,21.290947,2026-10-06T09:31:39.003563+00:00,145.97335052490234,33.9921932220459,65.345285654068,13.700353628205955,-50.18327682639409,bs-003-sector-00,False,False
82,21.555014,2026-10-06T09:31:39.267630+00:00,147.23446655273438,33.78200721740723,65.34502080082893,14.533128398384285,-49.91699365335462,bs-003-sector-00,False,False
83,21.817915,2026-10-06T09:31:39.530531+00:00,148.48119354248047,33.574228286743164,65.3447594344616,15.398940747888936,-49.66388393544244,bs-003-sector-00,False,False
84,22.076693,2026-10-06T09:31:39.789309+00:00,149.72794342041016,33.3664436340332,65.34449881315231,16.320448316289156,-49.42001392218738,bs-003-sector-00,False,False
85,22.340624,2026-10-06T09:31:40.053240+00:00,150.98902893066406,33.15627098083496,65.3442352116108,15.004190294276569,-49.33845089743069,bs-003-sector-00,False,False
86,22.603678,2026-10-06T09:31:40.316294+00:00,152.2357635498047,32.9484806060791,65.34397405385971,13.635603576286421,-49.299821182235874,bs-003-sector-00,False,False
87,22.863654,2026-10-06T09:31:40.576270+00:00,153.48251342773438,32.740692138671875,65.34371244907379,12.606152410232514,-49.25963110485378,bs-003-sector-00,False,False
88,23.127915,2026-10-06T09:31:40.840531+00:00,154.74356842041016,32.53049659729004,65.3434476852417,11.774775191712717,-49.21743483466176,bs-003-sector-00,False,False
89,23.392714,2026-10-06T09:31:41.105330+00:00,156.00469970703125,32.3203125,65.34318301081657,11.08547520358184,-49.173739384521525,bs-003-sector-00,False,False
90,23.653426,2026-10-06T09:31:41.366042+00:00,157.25173950195312,32.11246109008789,65.34292131662369,10.50455640020238,-49.12910075870607,bs-003-sector-00,False,False
91,23.911875,2026-10-06T09:31:41.624491+00:00,158.48436737060547,31.907011032104492,65.34266293048859,10.004861508055106,-49.08362900872018,bs-003-sector-00,False,False
92,24.202572,2026-10-06T09:31:41.915188+00:00,159.87450408935547,31.67531967163086,65.34237143397331,9.510580448672968,-49.030798349299246,bs-003-sector-00,False,False
93,24.460758,2026-10-06T09:31:42.173374+00:00,161.10693359375,31.469924926757812,65.34211292862892,9.121643953343634,-48.98264046534271,bs-003-sector-00,False,False
94,24.754897,2026-10-06T09:31:42.467513+00:00,162.51153564453125,31.2358341217041,65.34181821346283,8.72435168726194,-48.926299813607415,bs-003-sector-00,False,False
95,25.017588,2026-10-06T09:31:42.730204+00:00,163.77294921875,31.025604248046875,65.34155377745628,8.402451012275327,-48.87443543223981,bs-003-sector-00,False,False
96,25.312167,2026-10-06T09:31:43.024783+00:00,165.17755126953125,30.791500091552734,65.34125939011574,8.076764916816428,-48.81533361105187,bs-003-sector-00,False,False
97,25.605976,2026-10-06T09:31:43.318592+00:00,166.58203887939453,30.55742073059082,65.34096935391426,7.780625958645652,-48.75488293699442,bs-003-sector-00,False,False
98,25.871479,2026-10-06T09:31:43.584095+00:00,167.84452056884766,30.356948852539062,65.34751531481743,7.534963081834444,-48.701580495126635,bs-003-sector-00,False,False
99,26.136453,2026-10-06T09:31:43.849069+00:00,169.12254333496094,30.2315673828125,65.42051303386688,7.294667668056799,-48.66345607651421,bs-003-sector-00,False,False
100,26.398593,2026-10-06T09:31:44.111209+00:00,170.3483123779297,30.28488540649414,65.5846990942955,7.275216295140532,-48.54717113403068,bs-003-sector-00,False,False
101,26.660108,2026-10-06T09:31:44.372724+00:00,171.50897216796875,30.535776138305664,65.67362880706787,7.73679042928342,-48.224359993711005,bs-003-sector-00,False,False
102,26.924247,2026-10-06T09:31:44.636863+00:00,172.57572174072266,31.014286041259766,65.72942155599594,8.105412324574848,-48.011517011337716,bs-003-sector-00,False,False
103,27.18782,2026-10-06T09:31:44.900436+00:00,173.53323364257812,31.6712589263916,65.70916879177094,8.389951695226959,-47.89527060951504,bs-003-sector-00,False,False
104,27.451365,2026-10-06T09:31:45.163981+00:00,174.39373016357422,32.466535568237305,65.62690722942352,8.605245875420565,-47.859447110168006,bs-003-sector-00,False,False
105,27.71565,2026-10-06T09:31:45.428266+00:00,175.1761932373047,33.36589050292969,65.51404541730881,8.764792908788754,-47.89029849668907,bs-003-sector-00,False,False
106,27.978753,2026-10-06T09:31:45.691369+00:00,175.89869689941406,34.347426414489746,65.47889786958694,8.877930279963952,-47.97941293080588,bs-003-sector-00,False,False
107,28.246147,2026-10-06T09:31:45.958763+00:00,176.59619903564453,35.390456199645996,65.49078613519669,8.958591377280111,-48.11634859217206,bs-003-sector-00,False,False
108,28.50838,2026-10-06T09:31:46.220996+00:00,177.27051544189453,36.43123531341553,65.49559769034386,9.016017221408143,-48.28571252657977,bs-003-sector-00,False,False
109,28.769574,2026-10-06T09:31:46.482190+00:00,177.95557403564453,37.475741386413574,65.50035560131073,9.059769618135766,-48.48478472837667,bs-003-sector-00,False,False
110,29.031951,2026-10-06T09:31:46.744567+00:00,178.6739044189453,38.52043914794922,65.4917741715908,9.096459142678468,-48.71226884427452,bs-003-sector-00,False,False
111,29.294914,2026-10-06T09:31:47.007530+00:00,179.42152404785156,39.52958869934082,65.50083434581757,9.130884908151696,-48.9602815488188,bs-003-sector-00,False,False
112,29.55291,2026-10-06T09:31:47.265526+00:00,180.20079040527344,40.496819496154785,65.48908695578575,9.165252648306373,-49.22860022775177,bs-003-sector-00,False,False
113,29.816726,2026-10-06T09:31:47.529342+00:00,181.04249572753906,41.45020389556885,65.49866792559624,9.202825264154383,-49.528625413617874,bs-003-sector-00,False,False
114,30.077004,2026-10-06T09:31:47.789620+00:00,181.91127014160156,42.359853744506836,65.4898253083229,9.238173982256885,-49.858755770173005,bs-003-sector-00,False,False
115,30.341355,2026-10-06T09:31:48.053971+00:00,182.82156372070312,43.25110340118408,65.48986852169037,9.267303219517073,-50.23732828746114,bs-003-sector-00,False,False
116,30.604446,2026-10-06T09:31:48.317062+00:00,183.75425720214844,44.12135124206543,65.48815482854843,9.2797379812041,-50.67856744870947,bs-003-sector-00,False,False
117,30.868081,2026-10-06T09:31:48.580697+00:00,184.70068359375,44.9789719581604,65.48534727096558,9.260560484441772,-51.208221741157985,bs-003-sector-00,False,False
118,31.132112,2026-10-06T09:31:48.844728+00:00,185.65298461914062,45.83189916610718,65.48257014155388,9.185865957270867,-51.86562671632676,bs-003-sector-00,False,False
119,31.397424,2026-10-06T09:31:49.110040+00:00,186.60458374023438,46.68697714805603,65.4805458188057,9.013245304883124,-52.71613503757611,bs-003-sector-00,False,False
120,31.661405,2026-10-06T09:31:49.374021+00:00,187.5504913330078,47.549307346343994,65.47954455018044,8.655397272947015,-53.88310655580345,bs-003-sector-00,False,False
121,31.923316,2026-10-06T09:31:49.635932+00:00,188.47146606445312,48.416770696640015,65.48505333065987,7.8841689889277085,-55.642691633713326,bs-003-sector-00,False,False
122,32.185281,2026-10-06T09:31:49.897897+00:00,189.3612823486328,49.33122777938843,65.50134563446045,5.589599749541079,-59.23760411984546,bs-003-sector-00,False,False
123,32.449361,2026-10-06T09:31:50.161977+00:00,190.1557159423828,50.296389162540436,65.51497757434845,6.437904215822683,-66.59251384926279,bs-000-sector-02,False,False
124,32.710277,2026-10-06T09:31:50.422893+00:00,190.83885192871094,51.34184384346008,65.5145873427391,6.6194479608417875,-65.9083480913419,bs-000-sector-02,False,False
125,32.975055,2026-10-06T09:31:50.687671+00:00,191.38758850097656,52.45030999183655,65.48893511295319,6.425524196445007,-65.30241031294186,bs-000-sector-02,False,False
126,33.241436,2026-10-06T09:31:50.954052+00:00,191.8017120361328,53.625630378723145,65.48388114571571,6.10854392188641,-64.74748934469288,bs-000-sector-02,False,False
127,33.503394,2026-10-06T09:31:51.216010+00:00,192.09463500976562,54.81167936325073,65.49938198924065,5.804950522311076,-64.25259858579204,bs-000-sector-02,False,False
128,33.767874,2026-10-06T09:31:51.480490+00:00,192.3136749267578,56.03440570831299,65.48572778701782,5.536197418291227,-63.79558828750936,bs-000-sector-02,False,False
129,34.028337,2026-10-06T09:31:51.740953+00:00,192.47512817382812,57.26024866104126,65.49111297726631,5.3150878169859785,-63.38052680906844,bs-000-sector-02,False,False
130,34.290061,2026-10-06T09:31:52.002677+00:00,192.60940551757812,58.49570083618164,65.49032083153725,5.117642971909603,-63.00020456713477,bs-000-sector-02,False,False
131,34.554367,2026-10-06T09:31:52.266983+00:00,192.73924255371094,59.75141429901123,65.48856523633003,4.920081738765562,-62.64877503532607,bs-000-sector-02,False,False
132,34.814276,2026-10-06T09:31:52.526892+00:00,192.87973022460938,60.993836402893066,65.48902767896652,4.706121613479097,-62.33353755454952,bs-000-sector-02,False,False
133,35.077548,2026-10-06T09:31:52.790164+00:00,193.04833984375,62.24856090545654,65.49269869923592,4.454602935219698,-62.0463373792976,bs-000-sector-02,False,False
134,35.342656,2026-10-06T09:31:53.055272+00:00,193.25262451171875,63.49829864501953,65.49861308932304,4.159685565499795,-61.789992478986676,bs-000-sector-02,False,False
135,35.605201,2026-10-06T09:31:53.317817+00:00,193.4923553466797,64.72711849212646,65.49038755893707,3.8269857990737566,-61.56514734019393,bs-000-sector-02,False,False
136,35.868021,2026-10-06T09:31:53.580637+00:00,193.77281188964844,65.96287727355957,65.49166959524155,3.4547935806403967,-61.364523765986746,bs-000-sector-02,False,False
137,36.128617,2026-10-06T09:31:53.841233+00:00,194.0813751220703,67.17794036865234,65.49219408631325,3.0641639322573906,-61.189665143801605,bs-000-sector-02,False,False
138,36.392275,2026-10-06T09:31:54.104891+00:00,194.41734313964844,68.40193367004395,65.49147593975067,2.658641488153802,-61.03325511615428,bs-000-sector-02,False,False
139,36.654428,2026-10-06T09:31:54.367044+00:00,194.76458740234375,69.60891723632812,65.49011364579201,2.2584521805980167,-60.89560935401954,bs-000-sector-02,False,False
140,36.917313,2026-10-06T09:31:54.629929+00:00,195.1229705810547,70.82860565185547,65.4887413084507,2.377992591789811,-60.57515513994025,bs-000-sector-02,False,False
141,37.182895,2026-10-06T09:31:54.895511+00:00,195.48118591308594,72.04899597167969,65.48782902956009,2.7386856730979288,-60.19886468231461,bs-000-sector-02,False,False
142,37.449663,2026-10-06T09:31:55.162279+00:00,195.83770751953125,73.2853775024414,65.48751601576805,3.1095668999993626,-59.85219079558479,bs-000-sector-02,False,False
143,37.712915,2026-10-06T09:31:55.425531+00:00,196.18063354492188,74.51067161560059,65.48768076300621,3.491081162324373,-59.53670907468518,bs-000-sector-02,False,False
144,37.976257,2026-10-06T09:31:55.688873+00:00,196.51229858398438,75.73920059204102,65.48806044459343,3.8935137385670826,-59.24393343160162,bs-000-sector-02,False,False
145,38.241709,2026-10-06T09:31:55.954325+00:00,196.83251953125,76.97057914733887,65.48841285705566,4.321648408991165,-58.97079214326851,bs-000-sector-02,False,False
146,38.503128,2026-10-06T09:31:56.215744+00:00,197.1390838623047,78.19039726257324,65.48859158158302,4.774692132296249,-58.71783432477709,bs-000-sector-02,False,False
147,38.768116,2026-10-06T09:31:56.480732+00:00,197.44117736816406,79.4261589050293,65.48856499791145,5.268382378849411,-58.47758854714752,bs-000-sector-02,False,False
148,39.030584,2026-10-06T09:31:56.743200+00:00,197.73770141601562,80.66339111328125,65.48837023973465,5.805107162688513,-58.25171982482047,bs-000-sector-02,False,False
149,39.294629,2026-10-06T09:31:57.007245+00:00,198.03134155273438,81.90113830566406,65.48807945847511,6.395115126313864,-58.03926417434016,bs-000-sector-02,False,False
150,39.555631,2026-10-06T09:31:57.268247+00:00,198.321044921875,83.12512588500977,65.4877616763115,7.0464397920292985,-57.84142877484149,bs-000-sector-02,False,False
151,39.823113,2026-10-06T09:31:57.535729+00:00,198.6190185546875,84.37689590454102,65.48744469881058,7.806967549105975,-57.65084297993765,bs-000-sector-02,False,False
152,40.083146,2026-10-06T09:31:57.795762+00:00,198.91293334960938,85.60036087036133,65.48715516924858,8.681836557491957,-57.47514679773626,bs-000-sector-02,False,False
153,40.342199,2026-10-06T09:31:58.054815+00:00,199.20660400390625,86.80839538574219,65.4868842959404,9.738795604658714,-57.311178359440575,bs-000-sector-02,False,False
154,40.6067,2026-10-06T09:31:58.319316+00:00,199.510498046875,88.04374313354492,65.48661291599274,11.150630092724683,-57.152493757083235,bs-000-sector-02,False,False
155,40.868114,2026-10-06T09:31:58.580730+00:00,199.81414794921875,89.26427459716797,65.48634400963783,13.194798079273065,-57.003934527048486,bs-000-sector-02,False,False
156,41.128296,2026-10-06T09:31:58.840912+00:00,200.12045288085938,90.4842529296875,65.48607471585274,5.625577015695829,-56.99422123381535,bs-000-sector-02,False,False
157,41.392726,2026-10-06T09:31:59.105342+00:00,200.43222045898438,91.71781158447266,65.48580706119537,0.2258728760781385,-57.194086888698735,bs-000-sector-02,False,False
158,41.654894,2026-10-06T09:31:59.367510+00:00,200.74159240722656,92.93712997436523,65.4855523109436,1.650023676103617,-55.34120602421555,bs-002-sector-02,False,False
159,41.915101,2026-10-06T09:31:59.627717+00:00,201.05117797851562,94.15633392333984,65.48531097173691,3.3056941595420235,-53.763283081826344,bs-002-sector-02,False,False
160,42.176388,2026-10-06T09:31:59.889004+00:00,201.36419677734375,95.38990020751953,65.4850803911686,4.578009690798014,-52.56488344761789,bs-002-sector-02,False,False
161,42.442739,2026-10-06T09:32:00.155355+00:00,201.67665100097656,96.62334060668945,65.48486098647118,5.610283777028441,-51.60144670966719,bs-002-sector-02,False,False
162,42.706398,2026-10-06T09:32:00.419014+00:00,201.98812866210938,97.85711669921875,65.48464772105217,6.482832217007766,-50.79238438959629,bs-002-sector-02,False,False
163,42.971745,2026-10-06T09:32:00.684361+00:00,202.29849243164062,99.09117889404297,65.48443529009819,7.24024085515773,-50.092872104870196,bs-002-sector-02,False,False
164,43.23605,2026-10-06T09:32:00.948666+00:00,202.61154174804688,100.34023666381836,65.4842169880867,7.917552344723689,-49.46825552718967,bs-002-sector-02,False,False
165,43.498995,2026-10-06T09:32:01.211611+00:00,202.91673278808594,101.56082153320312,65.48399835824966,8.510658097687976,-48.92074156467599,bs-002-sector-02,False,False
166,43.762635,2026-10-06T09:32:01.475251+00:00,203.22442626953125,102.79558181762695,65.48377075791359,9.053903686219725,-48.4174902795545,bs-002-sector-02,False,False
167,44.026078,2026-10-06T09:32:01.738694+00:00,203.5319061279297,104.03036499023438,65.48353704810143,9.549327745486497,-47.95579336596025,bs-002-sector-02,False,False
168,44.286862,2026-10-06T09:32:01.999478+00:00,203.83584594726562,105.25125503540039,65.48330131173134,9.998795062066474,-47.533375911150586,bs-002-sector-02,False,False
169,44.553073,2026-10-06T09:32:02.265689+00:00,204.14324951171875,106.4860610961914,65.48305958509445,10.417681871903197,-47.13536003727084,bs-002-sector-02,False,False
170,44.815763,2026-10-06T09:32:02.528379+00:00,204.45071411132812,107.72106552124023,65.48281565308571,10.80476456842143,-46.762531476390976,bs-002-sector-02,False,False
171,45.076326,2026-10-06T09:32:02.788942+00:00,204.7547607421875,108.9419059753418,65.48257446289062,11.159283797618544,-46.415531052551415,bs-002-sector-02,False,False
172,45.341763,2026-10-06T09:32:03.054379+00:00,205.0625457763672,110.17699432373047,65.48232960700989,11.32747097229678,-46.149630396660626,bs-002-sector-02,False,False
173,45.605937,2026-10-06T09:32:03.318553+00:00,205.37086486816406,111.4116096496582,65.48208421468735,10.600319259360813,-46.292166437764735,bs-002-sector-02,False,False
174,45.870898,2026-10-06T09:32:03.583514+00:00,205.68299865722656,112.66018676757812,65.48183733224869,10.002308041555125,-46.44807686462735,bs-002-sector-02,False,False
175,46.13523,2026-10-06T09:32:03.847846+00:00,205.99183654785156,113.8947525024414,65.48159429430962,9.510665177851338,-46.61500591139789,bs-002-sector-02,False,False
176,46.397498,2026-10-06T09:32:04.110114+00:00,206.29718017578125,115.11515808105469,65.4813557267189,9.100043231365666,-46.7938012405223,bs-002-sector-02,False,False
177,46.663291,2026-10-06T09:32:04.375907+00:00,206.60958862304688,116.36363983154297,65.48111233115196,8.742804944822701,-46.99244269710053,bs-002-sector-02,False,False
178,46.923552,2026-10-06T09:32:04.636168+00:00,206.9150390625,117.58413696289062,65.48087626695633,8.445482491897812,-47.203818389218355,bs-002-sector-02,False,False
179,47.186905,2026-10-06T09:32:04.899521+00:00,207.2204132080078,118.8045425415039,65.48064032196999,8.193289208812795,-47.43433725968646,bs-002-sector-02,False,False
180,47.450838,2026-10-06T09:32:05.163454+00:00,207.5293426513672,120.03914642333984,65.48040169477463,7.980459305758078,-47.68968743737044,bs-002-sector-02,False,False
181,47.714294,2026-10-06T09:32:05.426910+00:00,207.83822631835938,121.2736587524414,65.48016339540482,7.808771414840897,-47.97062422621366,bs-002-sector-02,False,False
182,47.977717,2026-10-06T09:32:05.690333+00:00,208.1471405029297,122.50823974609375,65.47992596030235,7.679244661866237,-48.28137621385784,bs-002-sector-02,False,False
183,48.240202,2026-10-06T09:32:05.952818+00:00,208.45252990722656,123.72895050048828,65.4796912074089,7.596419096074963,-48.623210662138234,bs-002-sector-02,False,False
184,48.505054,2026-10-06T09:32:06.217670+00:00,208.76487731933594,124.97769165039062,65.47945100069046,7.566516474479091,-49.01558633023829,bs-002-sector-02,False,False
185,48.770477,2026-10-06T09:32:06.483093+00:00,209.07369995117188,126.21246337890625,65.47921371459961,7.6067672251083245,-49.455548656310995,bs-002-sector-02,False,False
186,49.034863,2026-10-06T09:32:06.747479+00:00,209.3838348388672,127.44664764404297,65.47916665673256,7.7483250449639085,-49.95999567483764,bs-002-sector-02,False,False
187,49.298063,2026-10-06T09:32:07.010679+00:00,209.71116638183594,128.6760711669922,65.48416146636009,8.103265372331224,-50.54428198657669,bs-002-sector-02,False,False
188,49.56273,2026-10-06T09:32:07.275346+00:00,210.08546447753906,129.88929748535156,65.50233602523804,8.634861294500292,-51.22975319983989,bs-002-sector-02,False,False
189,49.831036,2026-10-06T09:32:07.543652+00:00,210.54368591308594,131.0988006591797,65.50402587652206,9.200168423799628,-50.750408256643354,bs-002-sector-02,False,False
190,50.098056,2026-10-06T09:32:07.810672+00:00,211.0853271484375,132.25232696533203,65.49385035037994,9.59672302260057,-50.26576423539905,bs-002-sector-02,False,False
191,50.361785,2026-10-06T09:32:08.074401+00:00,211.69970703125,133.33386993408203,65.47832253575325,9.714664673155129,-49.88440839230876,bs-002-sector-02,False,False
192,50.620541,2026-10-06T09:32:08.333157+00:00,212.39048767089844,134.37062072753906,65.49284693598747,9.592068850391275,-49.5787565000372,bs-002-sector-02,False,False
193,50.884209,2026-10-06T09:32:08.596825+00:00,213.14559936523438,135.38384246826172,65.50010371208191,9.276420990582036,-49.3317157430495,bs-002-sector-02,False,False
194,51.148708,2026-10-06T09:32:08.861324+00:00,213.9298553466797,136.3612823486328,65.48579227924347,8.83212545326898,-49.1373839719966,bs-002-sector-02,False,False
195,51.409914,2026-10-06T09:32:09.122530+00:00,214.7474822998047,137.335693359375,65.48049262166023,8.298111385046145,-48.98249277868513,bs-002-sector-02,False,False
196,51.67236,2026-10-06T09:32:09.384976+00:00,215.5651092529297,138.29525756835938,65.47551435232162,7.7244485509603535,-48.863359298409776,bs-002-sector-02,False,False
197,51.93545,2026-10-06T09:32:09.648066+00:00,216.38937377929688,139.27059173583984,65.47245594859123,7.124155715747524,-48.77170900147162,bs-002-sector-02,False,False
198,52.197193,2026-10-06T09:32:09.909809+00:00,217.1924591064453,140.24606323242188,65.4718701839447,6.527051646540075,-48.705555310952064,bs-002-sector-02,False,False
199,52.462019,2026-10-06T09:32:10.174635+00:00,217.9866180419922,141.24810028076172,65.4731465280056,5.928849937033252,-48.66053811036299,bs-002-sector-02,False,False
200,52.726355,2026-10-06T09:32:10.438971+00:00,218.76815795898438,142.27823638916016,65.47519001364708,5.334399507176299,-48.63574631562851,bs-002-sector-02,False,False
201,52.990195,2026-10-06T09:32:10.702811+00:00,219.51132202148438,143.3007049560547,65.47691133618355,4.764440373263963,-48.6310367767332,bs-002-sector-02,False,False
202,53.251228,2026-10-06T09:32:10.963844+00:00,220.23684692382812,144.3365478515625,65.47783926129341,4.203765071818392,-48.64593049363391,bs-002-sector-02,False,False
203,53.515562,2026-10-06T09:32:11.228178+00:00,220.95628356933594,145.3938751220703,65.47793000936508,3.6435367075271703,-48.68195113852792,bs-002-sector-02,False,False
204,53.777405,2026-10-06T09:32:11.490021+00:00,221.6663055419922,146.457763671875,65.47742795944214,3.0860245131432693,-48.74072367255532,bs-002-sector-02,False,False
205,54.040572,2026-10-06T09:32:11.753188+00:00,222.36386108398438,147.51299285888672,65.47668227553368,2.5328929829696922,-48.82342387191596,bs-002-sector-02,False,False
206,54.305336,2026-10-06T09:32:12.017952+00:00,223.06922912597656,148.58082580566406,65.4759407043457,1.9664946270763943,-48.934774686981186,bs-002-sector-02,False,False
207,54.567123,2026-10-06T09:32:12.279739+00:00,223.77740478515625,149.64647674560547,65.47534212470055,1.3881284797237563,-49.07730660801241,bs-002-sector-02,False,False
208,54.831926,2026-10-06T09:32:12.544542+00:00,224.4908905029297,150.70880126953125,65.47489142417908,0.964196743462832,-49.21846175881369,bs-002-sector-02,False,False
209,55.093515,2026-10-06T09:32:12.806131+00:00,225.20242309570312,151.75489044189453,65.4745277762413,0.6710053680828532,-49.3078893661511,bs-002-sector-02,False,False
210,55.35425,2026-10-06T09:32:13.066866+00:00,225.92030334472656,152.79661560058594,65.47417199611664,0.433122326208816,-49.34896267715813,bs-002-sector-02,False,False
211,55.616093,2026-10-06T09:32:13.328709+00:00,226.65248107910156,153.84654998779297,65.47377189993858,0.2503468969439988,-49.33931509184498,bs-002-sector-02,False,False
212,55.879896,2026-10-06T09:32:13.592512+00:00,227.3810577392578,154.88156127929688,65.47332635521889,0.12706563629653345,-49.278752701907734,bs-002-sector-02,False,False
213,56.143451,2026-10-06T09:32:13.856067+00:00,228.12124633789062,155.9260482788086,65.4728436768055,0.05882744400322861,-49.16738049834909,bs-002-sector-02,False,False
214,56.407524,2026-10-06T09:32:14.120140+00:00,228.86331176757812,156.96920013427734,65.47235634922981,0.043999951605069074,-49.00881606423053,bs-002-sector-02,False,False
215,56.667198,2026-10-06T09:32:14.379814+00:00,229.5973358154297,158.0001220703125,65.47189286351204,0.07716931173087091,-48.81020252256931,bs-002-sector-02,False,False
216,56.929947,2026-10-06T09:32:14.642563+00:00,230.3309326171875,159.0315399169922,65.4714567065239,0.27315744557071353,-48.5514332701928,bs-002-sector-02,False,False
217,57.192685,2026-10-06T09:32:14.905301+00:00,231.07156372070312,160.0758514404297,65.47104066610336,0.6356792349328356,-48.2484864212429,bs-002-sector-02,False,False
218,57.453371,2026-10-06T09:32:15.165987+00:00,231.8020782470703,161.1094970703125,65.47064286470413,0.9989910952778204,-47.94720994887133,bs-002-sector-02,False,False
219,57.716228,2026-10-06T09:32:15.428844+00:00,232.53070068359375,162.14439392089844,65.47024682164192,1.3656051390137942,-47.64585061445467,bs-002-sector-02,False,False
220,57.981817,2026-10-06T09:32:15.694433+00:00,233.2743682861328,163.20447540283203,65.46983367204666,1.7428482578216178,-47.33885247373317,bs-002-sector-02,False,False
221,58.245515,2026-10-06T09:32:15.958131+00:00,234.00807189941406,164.25360870361328,65.469412535429,2.1169856421187667,-47.03779966971891,bs-002-sector-02,False,False
222,58.505947,2026-10-06T09:32:16.218563+00:00,234.73243713378906,165.29167938232422,65.46898356080055,2.4873783364365685,-46.74342792365289,bs-002-sector-02,False,False
223,58.768487,2026-10-06T09:32:16.481103+00:00,235.45606994628906,166.33009338378906,65.46854442358017,2.8577574974948132,-46.45302074082946,bs-002-sector-02,False,False
224,59.030948,2026-10-06T09:32:16.743564+00:00,236.18789672851562,167.3807373046875,65.46809330582619,3.232222434508596,-46.16373666240075,bs-002-sector-02,False,False
225,59.293921,2026-10-06T09:32:17.006537+00:00,236.91152954101562,168.41947174072266,65.46764332056046,3.6021478665875666,-45.882516340660814,bs-002-sector-02,False,False
226,59.560058,2026-10-06T09:32:17.272674+00:00,237.65203857421875,169.48181915283203,65.46718147397041,3.9802707019397983,-45.60002916023602,bs-002-sector-02,False,False
227,59.825762,2026-10-06T09:32:17.538378+00:00,238.38490295410156,170.53197479248047,65.46672394871712,4.316762222386784,-45.469756265708156,bs-002-sector-02,False,False
228,60.088835,2026-10-06T09:32:17.801451+00:00,239.118408203125,171.58197021484375,65.46626675128937,4.628289561735292,-45.478158600058734,bs-002-sector-02,False,False
229,60.348222,2026-10-06T09:32:18.060838+00:00,239.84388732910156,172.61945343017578,65.46581542491913,4.951714556598866,-45.48297765952313,bs-002-sector-02,False,False
230,60.609609,2026-10-06T09:32:18.322225+00:00,240.5698699951172,173.65647888183594,65.46536469459534,5.291495564488018,-45.484304968259124,bs-002-sector-02,False,False
231,60.874924,2026-10-06T09:32:18.587540+00:00,241.30455017089844,174.7052459716797,65.4649107158184,5.652900761804495,-45.48213185728126,bs-002-sector-02,False,False
232,61.138633,2026-10-06T09:32:18.851249+00:00,242.0396270751953,175.75411224365234,65.46445831656456,6.033409504940085,-45.476442937583414,bs-002-sector-02,False,False
233,61.399861,2026-10-06T09:32:19.112477+00:00,242.76629638671875,176.79073333740234,65.46401265263557,6.429535047841453,-45.46739504636814,bs-002-sector-02,False,False
234,61.664089,2026-10-06T09:32:19.376705+00:00,243.50128173828125,177.83932495117188,65.46356385946274,6.852018844330129,-45.45482968732537,bs-002-sector-02,False,False
235,61.923892,2026-10-06T09:32:19.636508+00:00,244.22792053222656,178.87608337402344,65.46312153339386,7.293038373178929,-45.439058231874625,bs-002-sector-02,False,False
236,62.184076,2026-10-06T09:32:19.896692+00:00,244.94647216796875,179.90151977539062,65.46268528699875,7.753984687431848,-45.42023318482809,bs-002-sector-02,False,False
237,62.446577,2026-10-06T09:32:20.159193+00:00,245.68125915527344,180.95034790039062,65.4622394144535,8.25326666392377,-45.397704753243005,bs-002-sector-02,False,False
238,62.707333,2026-10-06T09:32:20.419949+00:00,246.4075164794922,181.9873504638672,65.46179834008217,8.7773168619755,-45.372238276284605,bs-002-sector-02,False,False
239,62.969206,2026-10-06T09:32:20.681822+00:00,247.1336212158203,183.02450561523438,65.46135652065277,9.334938412544224,-45.34365354444138,bs-002-sector-02,False,False
240,63.23544,2026-10-06T09:32:20.948056+00:00,247.87640380859375,184.08560180664062,65.46090331673622,9.944213358240868,-45.311227588726354,bs-002-sector-02,False,False
241,63.500361,2026-10-06T09:32:21.212977+00:00,248.61062622070312,185.13482666015625,65.46045488119125,10.5901342092557,-45.27609451902184,bs-002-sector-02,False,False
242,63.760638,2026-10-06T09:32:21.473254+00:00,249.3365478515625,186.17222595214844,65.46001142263412,11.277249744923283,-45.23840245790714,bs-002-sector-02,False,False
243,64.021901,2026-10-06T09:32:21.734517+00:00,250.0624237060547,187.20970153808594,65.45956775546074,11.932208943440326,-45.21992310156412,bs-002-sector-02,False,False
244,64.282752,2026-10-06T09:32:21.995368+00:00,250.7882537841797,188.2471466064453,65.45912352204323,11.93288447423516,-45.43826649497473,bs-002-sector-02,False,False
245,64.546796,2026-10-06T09:32:22.259412+00:00,251.5226287841797,189.2965545654297,65.45867311954498,12.487533159575928,-45.66626102630106,bs-002-sector-02,False,False
246,64.810013,2026-10-06T09:32:22.522629+00:00,252.2570343017578,190.34609985351562,65.45822277665138,13.228646678276842,-45.903180821251254,bs-002-sector-02,False,False
247,65.075042,2026-10-06T09:32:22.787658+00:00,252.99139404296875,191.39544677734375,65.45777234435081,12.90815903315556,-46.13342593766248,bs-002-sector-02,False,False
248,65.338057,2026-10-06T09:32:23.050673+00:00,253.72607421875,192.44493103027344,65.45732191205025,12.6371680471409,-46.34308351130508,bs-002-sector-02,False,False
249,65.601493,2026-10-06T09:32:23.314109+00:00,254.45223999023438,193.48228454589844,65.45687738060951,12.420599184160368,-46.5263409495947,bs-002-sector-02,False,False
250,65.864137,2026-10-06T09:32:23.576753+00:00,255.18685913085938,194.5315399169922,65.45642817020416,12.256373692594932,-46.683837313276285,bs-002-sector-02,False,False
251,66.125749,2026-10-06T09:32:23.838365+00:00,255.91322326660156,195.5689697265625,65.45598441362381,12.151476744326878,-46.808640676083485,bs-002-sector-02,False,False
252,66.387448,2026-10-06T09:32:24.100064+00:00,256.6395721435547,196.60647583007812,65.45554083585739,12.10700400811248,-46.89981373404066,bs-002-sector-02,False,False
253,66.650514,2026-10-06T09:32:24.363130+00:00,257.37413024902344,197.65573120117188,65.45509225130081,12.126628514077712,-46.95555398372167,bs-002-sector-02,False,False
254,66.911584,2026-10-06T09:32:24.624200+00:00,258.10032653808594,198.69320678710938,65.45464873313904,12.212789784602931,-46.97319717526861,bs-002-sector-02,False,False
255,67.173141,2026-10-06T09:32:24.885757+00:00,258.8268127441406,199.7310028076172,65.45420524477959,12.367923111963757,-46.95313053376515,bs-002-sector-02,False,False
256,67.432955,2026-10-06T09:32:25.145571+00:00,259.5530548095703,200.76852416992188,65.45376187562943,12.594376098579845,-46.89587006541066,bs-002-sector-02,False,False
257,67.698892,2026-10-06T09:32:25.411508+00:00,260.2876434326172,201.81802368164062,65.45331344008446,12.89861487175207,-46.8015915399138,bs-002-sector-02,False,False
258,67.959947,2026-10-06T09:32:25.672563+00:00,261.0139465332031,202.85557556152344,65.45286989212036,13.276867439936613,-46.67472710391539,bs-002-sector-02,False,False
259,68.221646,2026-10-06T09:32:25.934262+00:00,261.74024963378906,203.89317321777344,65.45242631435394,13.736683155989928,-46.51729610910587,bs-002-sector-02,False,False
260,68.484237,2026-10-06T09:32:26.196853+00:00,262.474853515625,204.94265747070312,65.45197769999504,14.29181949021266,-46.330379559942244,bs-002-sector-02,False,False
261,68.747367,2026-10-06T09:32:26.459983+00:00,263.2094421386719,205.9921112060547,65.45152908563614,14.949044800878642,-46.119303019442256,bs-002-sector-02,False,False
262,69.006915,2026-10-06T09:32:26.719531+00:00,263.92738342285156,207.0177764892578,65.45109063386917,15.708298437807802,-45.89324073451493,bs-002-sector-02,False,False
263,69.270523,2026-10-06T09:32:26.983139+00:00,264.6621398925781,208.0674285888672,65.45064198970795,16.636755393386288,-45.64520893042405,bs-002-sector-02,False,False
264,69.533254,2026-10-06T09:32:27.245870+00:00,265.3967742919922,209.11695861816406,65.45019328594208,17.776042646118295,-45.38370877557266,bs-002-sector-02,False,False
265,69.795977,2026-10-06T09:32:27.508593+00:00,266.12327575683594,210.15478515625,65.44974970817566,19.03528817432837,-45.15469798393639,bs-002-sector-02,False,False
266,70.05758,2026-10-06T09:32:27.770196+00:00,266.84967041015625,211.19259643554688,65.44930616021156,19.40932577414327,-45.150682590594386,bs-002-sector-02,False,False
267,70.31789,2026-10-06T09:32:28.030506+00:00,267.5760803222656,212.23045349121094,65.4488625228405,19.785012921301984,-45.14908732903845,bs-002-sector-02,False,False
268,70.578029,2026-10-06T09:32:28.290645+00:00,268.3023986816406,213.26803588867188,65.44841915369034,20.160326797239257,-45.149895334967056,bs-002-sector-02,False,False
269,70.839635,2026-10-06T09:32:28.552251+00:00,269.0287780761719,214.3057098388672,65.44797575473785,20.53275442495884,-45.15312013273265,bs-002-sector-02,False,False
270,71.10266,2026-10-06T09:32:28.815276+00:00,269.76356506347656,215.35528564453125,65.44752705097198,20.903094470617617,-45.15883690792339,bs-002-sector-02,False,False
271,71.363778,2026-10-06T09:32:29.076394+00:00,270.4899444580078,216.39297485351562,65.44708356261253,20.989128352496408,-45.28849901892153,bs-002-sector-02,False,False
272,71.626076,2026-10-06T09:32:29.338692+00:00,271.2164001464844,217.43057250976562,65.44664016366005,20.95672767629103,-45.46093330785969,bs-002-sector-02,False,False
273,71.888988,2026-10-06T09:32:29.601604+00:00,271.95123291015625,218.48031616210938,65.44619166851044,20.942603839661963,-45.613116354023234,bs-002-sector-02,False,False
274,72.151986,2026-10-06T09:32:29.864602+00:00,272.68603515625,219.52992248535156,65.44574320316315,20.949384477429774,-45.740250383649894,bs-002-sector-02,False,False
275,72.415486,2026-10-06T09:32:30.128102+00:00,273.4124755859375,220.56759643554688,65.44529983401299,20.978470468601017,-45.83897301331963,bs-002-sector-02,False,False
276,72.677784,2026-10-06T09:32:30.390400+00:00,274.1471862792969,221.6173095703125,65.4448513686657,21.03197367521791,-45.90956602236821,bs-002-sector-02,False,False
277,72.940082,2026-10-06T09:32:30.652698+00:00,274.87355041503906,222.65501403808594,65.44440791010857,21.109557341628694,-45.9489786132047,bs-002-sector-02,False,False
278,73.199816,2026-10-06T09:32:30.912432+00:00,275.5999298095703,223.69293212890625,65.44396430253983,21.211983022814355,-45.957347712152114,bs-002-sector-02,False,False
279,73.463054,2026-10-06T09:32:31.175670+00:00,276.3262939453125,224.73068237304688,65.44352093338966,21.338832213678664,-45.93449390245243,bs-002-sector-02,False,False
280,73.726784,2026-10-06T09:32:31.439400+00:00,277.06103515625,225.78048706054688,65.44307243824005,21.490934282280854,-45.88010910530039,bs-002-sector-02,False,False
281,73.991055,2026-10-06T09:32:31.703671+00:00,277.7958679199219,226.830322265625,65.44262391328812,21.665232027939446,-45.7954329950023,bs-002-sector-02,False,False
282,74.257046,2026-10-06T09:32:31.969662+00:00,278.53907775878906,227.89202880859375,65.4421703517437,21.861720924522828,-45.680773549706245,bs-002-sector-02,False,False
283,74.518209,2026-10-06T09:32:32.230825+00:00,279.2655792236328,228.92984008789062,65.44172695279121,22.070727150174125,-45.54267436603813,bs-002-sector-02,False,False
284,74.783645,2026-10-06T09:32:32.496261+00:00,280.0088195800781,229.9915008544922,65.4412733912468,22.298785665850993,-45.37736954971814,bs-002-sector-02,False,False
285,75.046686,2026-10-06T09:32:32.759302+00:00,280.7354278564453,231.02943420410156,65.44083002209663,22.59668301365921,-45.19638121413199,bs-002-sector-02,False,False
286,75.312546,2026-10-06T09:32:33.025162+00:00,281.4786376953125,232.09107971191406,65.44037646055222,22.914573589299422,-45.00249791733704,bs-002-sector-02,False,False
287,75.577245,2026-10-06T09:32:33.289861+00:00,282.2135314941406,233.1409149169922,65.4399279654026,23.240327429496674,-44.803523764091054,bs-002-sector-02,False,False
288,75.836207,2026-10-06T09:32:33.548823+00:00,282.9401397705078,234.17886352539062,65.43948459625244,23.572515831536528,-44.60099990727838,bs-002-sector-02,False,False
289,76.098863,2026-10-06T09:32:33.811479+00:00,283.6667022705078,235.21681213378906,65.43904122710228,23.91387422204039,-44.39388360101006,bs-002-sector-02,False,False
290,76.363299,2026-10-06T09:32:34.075915+00:00,284.4016418457031,236.26666259765625,65.43859282135963,24.267732812015783,-44.18078135632149,bs-002-sector-02,False,False
291,76.628458,2026-10-06T09:32:34.341074+00:00,285.1448669433594,237.32843017578125,65.43813928961754,24.633747998361454,-43.96256963125822,bs-002-sector-02,False,False
292,76.893415,2026-10-06T09:32:34.606031+00:00,285.8798065185547,238.37838745117188,65.43769082427025,25.003276657505804,-43.74498899654449,bs-002-sector-02,False,False
293,77.158075,2026-10-06T09:32:34.870691+00:00,286.61480712890625,239.42832946777344,65.4372424185276,25.38004018257015,-43.52637169964834,bs-002-sector-02,False,False
294,77.425054,2026-10-06T09:32:35.137670+00:00,287.35809326171875,240.49029541015625,65.43678882718086,25.768284571153472,-43.304893497324215,bs-002-sector-02,False,False
295,77.687051,2026-10-06T09:32:35.399667+00:00,288.0846405029297,241.5283660888672,65.43634548783302,26.1547644497773,-43.088597407292596,bs-002-sector-02,False,False
296,77.949012,2026-10-06T09:32:35.661628+00:00,288.8196716308594,242.57850646972656,65.43589693307877,26.55289973203116,-42.87046366972969,bs-002-sector-02,False,False
297,78.213158,2026-10-06T09:32:35.925774+00:00,289.54673767089844,243.6170654296875,65.43545332551003,26.954038572257268,-42.65579571751614,bs-002-sector-02,False,False
298,78.477785,2026-10-06T09:32:36.190401+00:00,290.2901306152344,244.67906188964844,65.43499973416328,27.293083558898985,-42.541925847454095,bs-002-sector-02,False,False
299,78.741671,2026-10-06T09:32:36.454287+00:00,291.02516174316406,245.7290802001953,65.43455129861832,27.50019964192278,-42.5969845918778,bs-002-sector-02,False,False
300,79.003107,2026-10-06T09:32:36.715723+00:00,291.75189208984375,246.7672119140625,65.43410795927048,27.691679150281693,-42.66049292379299,bs-002-sector-02,False,False
301,79.266882,2026-10-06T09:32:36.979498+00:00,292.487060546875,247.8173065185547,65.43365949392319,27.86969795164836,-42.73432296714793,bs-002-sector-02,False,False
302,79.530253,2026-10-06T09:32:37.242869+00:00,293.2221984863281,248.86753845214844,65.43321093916893,28.02945412890276,-42.818242907385226,bs-002-sector-02,False,False
303,79.794168,2026-10-06T09:32:37.506784+00:00,293.9573669433594,249.9176788330078,65.43276306986809,28.16796912832519,-42.91286258908356,bs-002-sector-02,False,False
304,80.054428,2026-10-06T09:32:37.767044+00:00,294.6757049560547,250.94378662109375,65.43232545256615,27.98454984011365,-43.162096882708596,bs-002-sector-02,False,False
305,80.317266,2026-10-06T09:32:38.029882+00:00,295.4109802246094,251.99417114257812,65.4318773150444,27.782036554310366,-43.419910331120775,bs-002-sector-02,False,False
306,80.583249,2026-10-06T09:32:38.295865+00:00,296.1460876464844,253.04434204101562,65.43142899870872,27.595974681739524,-43.66323725045517,bs-002-sector-02,False,False
307,80.845562,2026-10-06T09:32:38.558178+00:00,296.8812561035156,254.0945587158203,65.43098068237305,27.4298386702795,-43.88868957194717,bs-002-sector-02,False,False
308,81.105545,2026-10-06T09:32:38.818161+00:00,297.6084747314453,255.1335906982422,65.4305371940136,27.288779303760897,-44.09051255359604,bs-002-sector-02,False,False
309,81.370098,2026-10-06T09:32:39.082714+00:00,298.33534240722656,256.1719665527344,65.4300939142704,27.17462653236312,-44.26754893287742,bs-002-sector-02,False,False
310,81.631953,2026-10-06T09:32:39.344569+00:00,299.07044982910156,257.2221374511719,65.42964553833008,27.09013595650003,-44.417907202432886,bs-002-sector-02,False,False
311,81.89652,2026-10-06T09:32:39.609136+00:00,299.80567932128906,258.2723693847656,65.42919704318047,27.040174596625203,-44.53612046251668,bs-002-sector-02,False,False
312,82.159089,2026-10-06T09:32:39.871705+00:00,300.5410614013672,259.3230285644531,65.42874854803085,27.02769206790455,-44.619345209448824,bs-002-sector-02,False,False
313,82.421393,2026-10-06T09:32:40.134009+00:00,301.26771545410156,260.3612060546875,65.42830523848534,27.05433149997615,-44.665140373083986,bs-002-sector-02,False,False
314,82.683349,2026-10-06T09:32:40.395965+00:00,301.99461364746094,261.39955139160156,65.42786186933517,27.121002519716093,-44.67355258436247,bs-002-sector-02,False,False
315,82.946272,2026-10-06T09:32:40.658888+00:00,302.72979736328125,262.44981384277344,65.42741349339485,27.22951203174144,-44.64377544245093,bs-002-sector-02,False,False
316,83.212968,2026-10-06T09:32:40.925584+00:00,303.4733581542969,263.5120086669922,65.42696011066437,27.380596953319735,-44.575308025456025,bs-002-sector-02,False,False
317,83.477708,2026-10-06T09:32:41.190324+00:00,304.20863342285156,264.5623016357422,65.42651176452637,27.569266342215908,-44.47143196673095,bs-002-sector-02,False,False
318,83.740677,2026-10-06T09:32:41.453293+00:00,304.94384765625,265.6126708984375,65.42606362700462,27.794609024108155,-44.33411198993308,bs-002-sector-02,False,False
319,84.004559,2026-10-06T09:32:41.717175+00:00,305.6790313720703,266.6629638671875,65.42561659216881,28.053617980723324,-44.16651982439603,bs-002-sector-02,False,False
320,84.265228,2026-10-06T09:32:41.977844+00:00,306.3977355957031,267.68959045410156,65.42517918348312,28.336135682172127,-43.97682416820052,bs-002-sector-02,False,False
321,84.5276,2026-10-06T09:32:42.240216+00:00,307.1332702636719,268.7400360107422,65.42473149299622,28.651800232768707,-43.75988073567535,bs-002-sector-02,False,False
322,84.789884,2026-10-06T09:32:42.502500+00:00,307.86199951171875,269.7806854248047,65.42428809404373,28.987622645668658,-43.525793653943765,bs-002-sector-02,False,False
323,85.053071,2026-10-06T09:32:42.765687+00:00,308.59747314453125,270.8310852050781,65.42384108901024,29.091863942080494,-43.526103715798754,bs-002-sector-02,False,False
324,85.313944,2026-10-06T09:32:43.026560+00:00,309.3247375488281,271.8696746826172,65.4233994781971,29.147169936008662,-43.588863655011636,bs-002-sector-02,False,False
325,85.580081,2026-10-06T09:32:43.292697+00:00,310.0685729980469,272.93199157714844,65.42294800281525,29.19008646797538,-43.6708272723223,bs-002-sector-02,False,False
326,85.846541,2026-10-06T09:32:43.559157+00:00,310.8040466308594,273.9823913574219,65.42250171303749,28.90549518888525,-43.94935846819621,bs-002-sector-02,False,False
327,86.109772,2026-10-06T09:32:43.822388+00:00,311.53955078125,275.0329132080078,65.42205548286438,28.615179169944405,-44.233953586042475,bs-002-sector-02,False,False
328,86.371923,2026-10-06T09:32:44.084539+00:00,312.2665710449219,276.07154846191406,65.42161422967911,28.32261980341817,-44.52119650950077,bs-002-sector-02,False,False
329,86.634398,2026-10-06T09:32:44.347014+00:00,313.0020751953125,277.1221008300781,65.4211677312851,28.021125297726535,-44.81763630929569,bs-002-sector-02,False,False
330,86.895717,2026-10-06T09:32:44.608333+00:00,313.7290344238281,278.1607666015625,65.4207259118557,27.717820553145557,-45.116284734924676,bs-002-sector-02,False,False
331,87.157881,2026-10-06T09:32:44.870497+00:00,314.4557189941406,279.1995086669922,65.42028412222862,27.409626990098612,-45.42016642132508,bs-002-sector-02,False,False
332,87.421368,2026-10-06T09:32:45.133984+00:00,315.1909484863281,280.250244140625,65.41983687877655,27.093201889027654,-45.73254862355702,bs-002-sector-02,False,False
333,87.68343,2026-10-06T09:32:45.396046+00:00,315.9264221191406,281.3011474609375,65.41938862204552,26.77263165966338,-46.04939699929484,bs-002-sector-02,False,False
334,87.949215,2026-10-06T09:32:45.661831+00:00,316.6617736816406,282.3518371582031,65.41894018650055,26.448873432989338,-46.36976120616457,bs-002-sector-02,False,False
335,88.212985,2026-10-06T09:32:45.925601+00:00,317.39727783203125,283.4026641845703,65.41849175095558,26.122873559826616,-46.69269117230921,bs-002-sector-02,False,False
336,88.474608,2026-10-06T09:32:46.187224+00:00,318.1326904296875,284.4532928466797,65.41804331541061,25.796108636768246,-47.016711173363575,bs-002-sector-02,False,False
337,88.73998,2026-10-06T09:32:46.452596+00:00,318.8682861328125,285.5039978027344,65.41759493947029,25.470197739833807,-47.34019569429964,bs-002-sector-02,False,False
338,89.005077,2026-10-06T09:32:46.717693+00:00,319.6038818359375,286.5546569824219,65.41714677214622,25.147366484187053,-47.66092496660377,bs-002-sector-02,False,False
339,89.270375,2026-10-06T09:32:46.982991+00:00,320.339599609375,287.60546875,65.41669908165932,24.83019551778878,-47.97631857466402,bs-002-sector-02,False,False
340,89.534974,2026-10-06T09:32:47.247590+00:00,321.0836181640625,288.6681213378906,65.41624701023102,24.518486510415197,-48.28656057003727,bs-002-sector-02,False,False
341,89.798605,2026-10-06T09:32:47.511221+00:00,321.81915283203125,289.71885681152344,65.41580042243004,24.22301093877959,-48.580921052112814,bs-002-sector-02,False,False
342,90.064631,2026-10-06T09:32:47.777247+00:00,322.5548400878906,290.7696990966797,65.41535368561745,23.66487804721316,-48.95704876681029,bs-002-sector-02,False,False
343,90.328297,2026-10-06T09:32:48.040913+00:00,323.2904052734375,291.82044982910156,65.41490721702576,23.070680759821535,-49.38181102596238,bs-002-sector-02,False,False
344,90.592477,2026-10-06T09:32:48.305093+00:00,324.0260009765625,292.87123107910156,65.41446068882942,22.539814717424903,-49.82534947129997,bs-002-sector-02,False,False
345,90.856839,2026-10-06T09:32:48.569455+00:00,324.7615966796875,293.92210388183594,65.41401392221451,22.066140149207737,-50.28898867492799,bs-002-sector-02,False,False
346,91.121619,2026-10-06T09:32:48.834235+00:00,325.4971923828125,294.97288513183594,65.41356706619263,21.647816531821434,-50.774046975853736,bs-002-sector-02,False,False
347,91.384716,2026-10-06T09:32:49.097332+00:00,326.2326965332031,296.02381896972656,65.41311994194984,21.287070074591895,-51.28190409490939,bs-002-sector-02,False,False
348,91.647816,2026-10-06T09:32:49.360432+00:00,326.9683837890625,297.07470703125,65.41267251968384,20.99117003683503,-51.813879279468296,bs-002-sector-02,False,False
349,91.913777,2026-10-06T09:32:49.626393+00:00,327.7122802734375,298.1375732421875,65.41222006082535,20.772301677395753,-52.37740705714728,bs-002-sector-02,False,False
350,92.181215,2026-10-06T09:32:49.893831+00:00,328.4562683105469,299.2004699707031,65.41176727414131,20.660126646148136,-52.967315455127405,bs-002-sector-02,False,False
351,92.443696,2026-10-06T09:32:50.156312+00:00,329.1835021972656,300.2394714355469,65.41132470965385,20.697724278906072,-53.56925542596272,bs-002-sector-02,False,False
352,92.710106,2026-10-06T09:32:50.422722+00:00,329.92730712890625,301.3024139404297,65.41087198257446,20.971974856704605,-54.20938033673961,bs-002-sector-02,False,False
353,92.972698,2026-10-06T09:32:50.685314+00:00,330.6548767089844,302.3417510986328,65.41042876243591,21.090933478332094,-54.47203605615212,bs-002-sector-02,False,False
354,93.236468,2026-10-06T09:32:50.949084+00:00,331.39044189453125,303.3926239013672,65.40998086333275,21.183842638898692,-54.63626191688945,bs-002-sector-02,False,False
355,93.502352,2026-10-06T09:32:51.214968+00:00,332.1343688964844,304.4555358886719,65.40952804684639,21.28519486437316,-54.73117166554216,bs-002-sector-02,False,False
356,93.766786,2026-10-06T09:32:51.479402+00:00,332.8701171875,305.5065155029297,65.40908023715019,21.388019836551074,-54.74981034540721,bs-002-sector-02,False,False
357,94.033021,2026-10-06T09:32:51.745637+00:00,333.61407470703125,306.5693359375,65.40862759947777,21.48911045135721,-54.69169196912701,bs-002-sector-02,False,False
358,94.297123,2026-10-06T09:32:52.009739+00:00,334.3498840332031,307.62030029296875,65.40818020701408,21.580908552014662,-54.56098993623745,bs-002-sector-02,False,False
359,94.561528,2026-10-06T09:32:52.274144+00:00,335.0855712890625,308.67120361328125,65.40773347020149,21.660349507575877,-54.36392241135461,bs-002-sector-02,False,False
360,94.821144,2026-10-06T09:32:52.533760+00:00,335.8129577636719,309.710205078125,65.4072921872139,21.72420257044263,-54.1123795887774,bs-002-sector-02,False,False
361,95.08328,2026-10-06T09:32:52.795896+00:00,336.5404052734375,310.7491455078125,65.40685132145882,17.72952617097053,-53.2849017766718,bs-002-sector-02,False,False
362,95.347969,2026-10-06T09:32:53.060585+00:00,337.2760925292969,311.8000183105469,65.4064053595066,16.052070238774,-52.301006249061615,bs-002-sector-02,False,False
363,95.612842,2026-10-06T09:32:53.325458+00:00,338.0117492675781,312.8509826660156,65.40595945715904,15.491840761025555,-51.39246711121419,bs-002-sector-02,False,False
364,95.878771,2026-10-06T09:32:53.591387+00:00,338.7557373046875,313.9139709472656,65.40550824999809,15.371606093263992,-50.544418207299046,bs-002-sector-02,False,False
365,96.141851,2026-10-06T09:32:53.854467+00:00,339.49127197265625,314.9649658203125,65.4050617814064,15.48160860557215,-49.76897054204001,bs-002-sector-02,False,False
366,96.40734,2026-10-06T09:32:54.119956+00:00,340.2267150878906,316.0161437988281,65.40461459755898,15.7294126937372,-49.04922048075106,bs-002-sector-02,False,False
367,96.671471,2026-10-06T09:32:54.384087+00:00,340.96234130859375,317.0673522949219,65.40416684746742,16.071753502869722,-48.37883246988346,bs-002-sector-02,False,False
368,96.934126,2026-10-06T09:32:54.646742+00:00,341.6979675292969,318.1184387207031,65.40371876955032,16.486256857549723,-47.75235982538949,bs-002-sector-02,False,False
369,97.196404,2026-10-06T09:32:54.909020+00:00,342.4254150390625,319.1575622558594,65.40327587723732,16.95665824769282,-47.1713219873463,bs-002-sector-02,False,False
370,97.46266,2026-10-06T09:32:55.175276+00:00,343.1694641113281,320.2206115722656,65.40282320976257,17.496662073761584,-46.612189707140374,bs-002-sector-02,False,False
371,97.727343,2026-10-06T09:32:55.439959+00:00,343.90509033203125,321.2717590332031,65.40237563848495,18.091533672140287,-46.09073565423951,bs-002-sector-02,False,False
372,97.992584,2026-10-06T09:32:55.705200+00:00,344.6408386230469,322.3227233886719,65.40192830562592,18.755144590014375,-45.597357073603064,bs-002-sector-02,False,False
373,98.255685,2026-10-06T09:32:55.968301+00:00,345.3765869140625,323.37384033203125,65.40148121118546,19.502015217397986,-45.129286408352726,bs-002-sector-02,False,False
374,98.520144,2026-10-06T09:32:56.232760+00:00,346.1123046875,324.42474365234375,65.40103447437286,20.356601633077013,-44.68425827947337,bs-002-sector-02,False,False
375,98.783318,2026-10-06T09:32:56.495934+00:00,346.84814453125,325.4757385253906,65.40058809518814,21.36041164235142,-44.260095113473795,bs-002-sector-02,False,False
376,99.050027,2026-10-06T09:32:56.762643+00:00,347.5923156738281,326.5386657714844,65.40013694763184,22.603603352435265,-43.850552739355905,bs-002-sector-02,False,False
377,99.311269,2026-10-06T09:32:57.023885+00:00,348.31976318359375,327.5777893066406,65.39969497919083,24.192761000423854,-43.46750872505153,bs-002-sector-02,False,False
