timestamp,latitude_deg,longitude_deg,altitude_m,satellite_name
2026-07-23T00:00:00Z,22.6810,113.9753,500000,SampleSat
2026-07-23T00:00:01Z,22.6681,114.0184,500000,SampleSat
2026-07-23T00:00:02Z,22.6308,114.0495,500000,SampleSat
2026-07-23T00:00:03Z,22.5810,114.0590,500000,SampleSat
2026-07-23T00:00:04Z,22.5311,114.0442,500000,SampleSat
2026-07-23T00:00:05Z,22.4968,114.0051,500000,SampleSat
2026-07-23T00:00:06Z,22.4908,113.9578,500000,SampleSat
2026-07-23T00:00:07Z,22.5154,113.9167,500000,SampleSat
2026-07-23T00:00:08Z,22.5620,113.8959,500000,SampleSat
2026-07-23T00:00:09Z,22.6139,113.9035,500000,SampleSat
